# dE_Ag,dE_Au,dE_Cu,dE_Ir,dE_Pd,dE_Pt,dE_Rh,dE_Ru,U_Ag,U_Au,U_Cu,U_Ir,U_Pd,U_Pt,U_Rh,U_Ru
-0.462552,-0.481590,-0.683262,-1.692466,-0.852462,-0.942892,-1.316491,-1.691134,-0.017508,0.853454,-0.518218,0.477526,0.346291,0.531076,-1.071447,-0.563045
-0.401641,-0.178806,-0.554897,-0.722348,-0.466293,-0.233593,-0.632185,-0.506639,0.043403,1.156238,-0.389853,0.800899,0.539376,0.885725,-0.387141,0.029203
-0.145080,-0.119293,-0.232491,-0.391671,-0.252360,-0.335433,-0.299460,-0.343076,0.299964,1.215750,-0.067447,0.911124,0.646342,0.834805,-0.054417,0.110984
0.019663,0.016629,0.020863,-0.005343,0.010855,0.015149,-0.015270,-0.022223,0.464706,1.351673,0.172954,1.039900,0.777949,1.010096,0.229774,0.271411
0.124273,0.135954,0.229609,0.554406,0.299927,0.420262,0.396091,0.366800,0.569317,1.426999,0.277327,1.226483,0.922485,1.212653,0.641135,0.465922
0.267684,0.211744,0.465330,0.801680,0.525624,0.416372,0.656397,0.674807,0.712728,1.452263,0.395187,1.308908,1.035334,1.210708,0.860480,0.619925
0.453618,0.463557,0.706558,1.607121,0.865032,1.110235,1.253561,1.477523,0.898662,1.536200,0.515801,1.577388,1.205038,1.557640,1.059535,1.021284
