# Ag,Cu,Pd,Rh,Ru,Sd
0.000000,0.000000,0.812500,0.125000,0.062500,0.378385
